id,created_at,text
668941849248206848,2015-11-23 23:58:59,.@Money23Green- yes sir! Dope action on #SiegeDay. Watch: https://t.co/a00yi2XjE4 #ad
668644873696731136,2015-11-23 04:18:55,RT @hbarnes: 15! #DubNation
667801880475537408,2015-11-20 20:29:10,"It takes a team to win, right @Money23Green? just like in @Rainbow6Game. Lets get it done #DubNation"
665794340598345729,2015-11-15 07:31:55,Dubs win and the cougs win couldn't ask for a better night
665794244964061186,2015-11-15 07:31:32,Gaaaaaaaaaaaabe! Let's go
663515884091084801,2015-11-09 00:38:08,RT @bucketsworth: 35 mins till I'm live with @getshottracker get your questions ready
660985777568944128,2015-11-02 01:04:24,Come hang with me live on @getshottracker https://t.co/UFGZh5MY9V
660927722487595008,2015-11-01 21:13:43,RT @MychelThompson: #ForzaVarese https://t.co/MIuf6lqqrT
659256730262614016,2015-10-28 06:33:47,It's not about the numbers or the individual accolades. It's about these moments u share with your‚Ä¶ https://t.co/ssG2AXHVxH
658452526342123520,2015-10-26 01:18:10,The NBA family lost a great guy today. RIP Flip. Sending my condolences to his team and family https://t.co/tu07ZXCjTA
657031121712996352,2015-10-22 03:10:01,Blessed and thankful for the opportunity!!  https://t.co/OuNdACMcd9
655907408531869697,2015-10-19 00:44:47,A tough weekend for the Thompson fam. But also a great weekend of celebration for Paul and Patty who‚Ä¶ https://t.co/sVnse88YQW
655366351444275200,2015-10-17 12:54:48,"RT @JayBilas: Almost fell for the bait, almost fell for the hate. And, I'm the same one that let all y'all eat off my plate. I gotta go to ‚Ä¶"
655142146618560512,2015-10-16 22:03:54,Happy birthday @brockm12. Too many good times on the Palouse and around the world with my guy! #duplex #boyz #bjornstadstwin
654459180959404032,2015-10-15 00:50:02,Great day to be a warrior https://t.co/ssSFB081an
654395734704287744,2015-10-14 20:37:55,RT @warriors: Watch out SF - @KlayThompson &amp; @Money23Green have the key to the city! üîë http://t.co/CsGSQFcaLP
653402880133632000,2015-10-12 02:52:40,RT @Be_LikeIKE: #SKYBLUE ‚õÖÔ∏è
653365711331418112,2015-10-12 00:24:59,Rocco's new spot Fort Funtson #SF http://t.co/ayxcxAK2H7
653307486796038144,2015-10-11 20:33:37,RT @getshottracker: Primetime is nearing. Get ready w/ @KlayThompson &amp; our experts +70 new drills. The KT3000 starts 11/1. You in? http://t‚Ä¶
653026936319442944,2015-10-11 01:58:48,Let's go cougs!!! Woooo!!! Too hyped right now
652688675738816512,2015-10-10 03:34:41,Maya Moore cold blooded
651262638228271104,2015-10-06 05:08:07,Thanks for the amazing reception San Jose!! Dubs fans are the best in the world!! #DubNation #TheBaysTeam
650540721267601408,2015-10-04 05:19:29,I would pay a lot of money for an original ABA ball
649985038398783488,2015-10-02 16:31:23,Still can't believe what happened in Roseburg. Sending my thoughts and prayers to the families affected by this unimaginable act of violence
649718161554567168,2015-10-01 22:50:55,DubNation please wish our leader @SteveKerr a speedy recovery. His presence on the floor will be greatly missed during his time off
648285736462979073,2015-09-27 23:58:58,RT @taliqdavis11: Went to go meet klay Thompson http://t.co/K40THKIMvF
647921668266954752,2015-09-26 23:52:18,"RT @Athletics: One pitch, three points! Nice throw @KlayThompson. #GreenCollar üé• http://t.co/WudKNx4mY6"
643592169987543040,2015-09-15 01:08:25,"RT @brodiebrazilCSN: Yep, @KlayThompson's bro just went #Splash against the #Athletics. http://t.co/xZkGJyqvH9"
643188052173524992,2015-09-13 22:22:36,RT @bward09wsu: @klaythompson go titans.
643187424365932544,2015-09-13 22:20:06,The better team came to play today sorry bro https://t.co/WfcvA55h5J
639589880385814528,2015-09-04 00:04:45,Simply put this video is just amazing. Gets me so hyped to play in front of the best fans in the world this season  https://t.co/BQmJQ1twnz
639555342469193729,2015-09-03 21:47:30,Join me in the Crimzone w/ the O‚ÄôBrien Trophy this Sat. Let‚Äôs pack this place Cougs! @zzucru @wsucougfb @CougarAthFund @WSUCougars #GoCougs
639481411599097856,2015-09-03 16:53:44,Check out the new @DrinkBODYARMOR vehicle #UpgradeYourSportsDrink http://t.co/xVeGeKH0UX
638418280835739648,2015-08-31 18:29:14,üòÇüòÇüòÇüòÇüòÇ https://t.co/ZGdjYpPlZK
636563936628772864,2015-08-26 15:40:43,My job takes me around the world and I am very grateful for it. Thanks for the fun interview @TravelLeisure!  https://t.co/YrwzTH9ZX9
636561098540388352,2015-08-26 15:29:27,RT @BDA_Sports: Happy #NationalDogDay from @KlayThompson &amp; Rocco! http://t.co/8LTeliXNdn
636400454780366849,2015-08-26 04:51:06,@espnSteveLevy @BBTN that's big time Steve ‚úä
636395428305473536,2015-08-26 04:31:08,I hate to admit it but Trayce might be the best overall athlete in the fam lol
636395321879232512,2015-08-26 04:30:43,RT @whitesox: Recap: Trayce provides clutch hitting in @WhiteSox victory. http://t.co/hhY0lkiygM http://t.co/5Qu9xXzQQ8
636395307148840960,2015-08-26 04:30:39,"RT @whitesox: Have a night, Trayce. 3-4, 3 RBI's, now batting .522 on the season! http://t.co/UuWklh1Dks"
636395292980461568,2015-08-26 04:30:36,"RT @whitesox: #SOXWIN Final: #WhiteSox 5, Red Sox 4. http://t.co/8A4sU1HYR4"
635539664959488000,2015-08-23 19:50:38,Day 1s @hbarnes  https://t.co/jPaH8e570J
635488162165297152,2015-08-23 16:25:59,@brockm12 üòà...congrats @andrewbogut ...ur üçç game still weak lol https://t.co/ancdAm5qsq
635485451676090368,2015-08-23 16:15:13,RT @whitesox: Trayce didn't waste any time getting the #WhiteSox on the board in the 2nd. http://t.co/gi7XIU4Obx http://t.co/ULVbQDSvtd
631396621608062976,2015-08-12 09:27:40,üòÇüòÇüòÇüòÇ welcome to the show rookie  https://t.co/lU7WcSmcLc
631277775739994112,2015-08-12 01:35:24,Lets goooooooooo!!! I see u trizzy! https://t.co/i1as5hsV6C
628791662404370432,2015-08-05 04:56:29,RT @MychelThompson: The big 3 https://t.co/Jvl2L98MMl
628791369956499456,2015-08-05 04:55:19,RT @joemclean15: In the Show. Trayce Thompson #perseverance https://t.co/RGHHrD3LC1
628645994209652737,2015-08-04 19:17:39,RT @Dj_E5QUIRE: Spent this last Sunday giving back to the kids of the #SpecialOlympics with @klaythompson! Always fun‚Ä¶ https://t.co/ZdxQu7P‚Ä¶
627659485645946881,2015-08-02 01:57:37,Yessir makes me proud to see all the hard work u put in payin off T https://t.co/EGexSF8HjK
626879027177873408,2015-07-30 22:16:21,Amen  https://t.co/HQPXVEhAvu
622907151380385793,2015-07-19 23:13:32,Mick fanning a beast for that
621857619523694593,2015-07-17 01:43:04,"RT @MychelThompson: Blessed for the opportunity, this game can take u all over the world...excited to be joining‚Ä¶ https://t.co/XAG3885LME"
619252808307490816,2015-07-09 21:12:29,Proud of @JustHolla7 for signing with the Hawks. One of the hardest workers I've been around congrats my man!
618505450217177089,2015-07-07 19:42:45,"It's tough to see my big bro D Lee go, Boston gotta great player and true pro. A true vet who looked‚Ä¶ https://t.co/D1msdyV6n8"
616709086617296896,2015-07-02 20:44:38,Excited to be nominated for an @ESPYS award for Best Record Breaking Performance! http://t.co/5EXvqshXhk
614903135803326464,2015-06-27 21:08:26,DONE @getshottracker! Now for some R&amp;R. #KlayCamp see you Sun 5:00 PDT for live awards. http://t.co/H4UTWJfqPl http://t.co/6TlGWCD1Jy
614525860511551488,2015-06-26 20:09:17,5 down 1 to go @getshottracker. Live feed awards Sun 5:00 pm PDT. Join here. http://t.co/H4UTWJfqPl #KlayCamp http://t.co/NPS0VEx1IT
614480878551502849,2015-06-26 17:10:32,Thanks @mophie for helping me stay charged http://t.co/tdah30QxcZ
614156846819995651,2015-06-25 19:42:57,"@getShotTracker Matthew5 up top at 90%, but no Day 4 yet. JordanTreyBoyd on it early today w/92%. #KlayCamp http://t.co/pKsiU2fzps"
614138833710489600,2015-06-25 18:31:22,Man take me back please! #bestfansintheworld https://t.co/dK39tOHrZc
613800835848404992,2015-06-24 20:08:17,3 down 3 to go. Hip Flip saved me today. JordanTreyBoyd thx for the ST love.@getshottracker #KlayCamp http://t.co/9nvv6BCpHZ
613770202547793921,2015-06-24 18:06:34,RIP president Floyd. Did so much for the Cougs what a great man
613419152246583296,2015-06-23 18:51:37,"My Tues #KlayCamp workout is history. Meredith Kennedy in the 13 spot, NICE. Keep at it everyone. @getshottracker http://t.co/HFeOJdsFDg"
613150656145195008,2015-06-23 01:04:42,"Check out Bob, the newest member of the Splash Brothers!  #Minions
http://t.co/3jjESAB3TV"
613057600708460544,2015-06-22 18:54:56,Monday's workout DONE @getshottracker. Let's see yours #KlaysVirtualCamp. Nice work KDDESILUS on the early start. http://t.co/naZNqYJgIc
612484353470234624,2015-06-21 04:57:03,RT @OfficeQz: Squad goals! üòÇ http://t.co/IRkRitzQ58
611991938619707392,2015-06-19 20:20:23,üèÜüéâ http://t.co/TAcrZ6Ztu0
611585448490631168,2015-06-18 17:25:08,Still in shock. We appreciate all the love Bay Area can't wait to celebrate with everybody tomorrow
605249372276682752,2015-06-01 05:47:49,Had a great time watching Chavez throw that gem today. Appreciate the hospitality @OaklandAs!!
598964429661704192,2015-05-14 21:33:42,"RT @landryfields: You're never more of an adult than when it rains and you say, ""well, we needed it."" 

#CaliforniaDrought"
597483943278092288,2015-05-10 19:30:47,Happy Mother's Day mom. I wouldn't be the man or professional I am without your guidance along the way! https://t.co/RWSDXuVmno
595370151698006016,2015-05-04 23:31:20,It couldn't have gone to a more deserving player. So happy for Steph #squad #DubNation http://t.co/AFfq1ZWMOd
594189337798975488,2015-05-01 17:19:12,RT @TheBlurBarbosa: Turn up @E40 music #ChoicesYup https://t.co/Wbez6FD5Vl
593148683153117184,2015-04-28 20:24:00,RT @getshottracker: Want to win a free ShotTracker signed by @KlayThompson? Follow us &amp; RT to enter to win. http://t.co/WT9nEgBr8n http://t‚Ä¶
592704889366704130,2015-04-27 15:00:32,Pumped to announce I'm teaming with @getshottracker! I'm running #KlaysVirtualCamp in June. It's free. Sign up: http://t.co/fFMtPEG8lg
592529390719868928,2015-04-27 03:23:10,Feels good to celebrate a hard fought series victory and a Santa Cruz Warriors championship weekend.‚Ä¶ https://t.co/eyuc4tGcHw
591086701121966080,2015-04-23 03:50:26,Happy Earth Day üåé#getthatcarbonfootprintright
590928425151434752,2015-04-22 17:21:30,RT @Mospeights16: Early flight to New Orleans ‚úàÔ∏è‚úàÔ∏è‚úàÔ∏è business trip #dubnation
590609336654766080,2015-04-21 20:13:33,Congrats bro bring the ship back to the Cruz!! https://t.co/N1fWKUkZD1
590316475451224064,2015-04-21 00:49:49,Playoff basketball at oracle life doesn't get much better. Lets get it DubNation!
589281570894139393,2015-04-18 04:17:29,RT @AdobeDocCloud: .@KlayThompson can hit a basket. Can you? Share your best document dunk using #AdobeDocCloud: http://t.co/exVHfbn4jY htt‚Ä¶
588491757358219265,2015-04-15 23:59:03,Final tune up gotta finish strong
588078948698959873,2015-04-14 20:38:42,If you got game text KLAY to 63566. CA Residents only and program ends 4/30 #LetsGo #UpgradeYourSportsDrink
588078915291389952,2015-04-14 20:38:34,What up #DubNation. My sports drink @DrinkBODYARMOR is giving you the chance to shoot 3‚Äôs vs me http://t.co/9kFjwuhMAo
587658586718732289,2015-04-13 16:48:19,"RT @buddyhield: Thank God For Life, Health and Strength üôèüí™‚úäüíØ"
587437093971853312,2015-04-13 02:08:11,I appreciate everybody who came out to leftys today. Your loyalty to the squad is greatly appreciated!! #DubNation
586971723431419906,2015-04-11 19:18:58,RT @MychelThompson: Always good having my bros @klaythompson &amp; jackw885 come to my games https://t.co/s7xx2MmOk1
586759740190892032,2015-04-11 05:16:38,@MychelThompson was hoopin tonight. Great W @DLeagueWarriors!! #ontothenextround
586720962399223809,2015-04-11 02:42:32,Out here lets go http://t.co/hSMNDdqZZJ
586429808935993344,2015-04-10 07:25:36,Great W 2night. Congrats to my man @StephenCurry30 for breaking his own record! It's a privilege to witness greatness every night! #MVP
586244615432470529,2015-04-09 19:09:42,Proud to be part of the the @drinkbodyarmor team @target #upgradeyoursportsdrink
585244167074254848,2015-04-07 00:54:17,Wisconsin-73 Duke-68
584986909992095744,2015-04-06 07:52:02,It was great seeing PG back in hoopin last night. The league ain't the same without him!
584812296842555392,2015-04-05 20:18:11,RT @AbeLodwick: Thankful for this day üôå Happy Easter to friends and family back home üî∑Mark 16:6üî∑
584811292281573377,2015-04-05 20:14:12,‚Äú@hbarnes: #PrayForKenya http://t.co/YT0O0foIyD‚Äù
584810865611812865,2015-04-05 20:12:30,Stand For üéß
584751196197388288,2015-04-05 16:15:23,Happy Easter!! Enjoy it with u fam &amp; loved ones and Thank the one above for LIfe!!
584655461258924032,2015-04-05 09:54:58,That's Deep #equality4all http://t.co/kaEsdGeaCq
584598290290745345,2015-04-05 06:07:48,RT @Mospeights16: Coach Kerr!!!!!! Congratulations on being the winningest rookie coach in NBA history. Well deserved accomplishment. @Stev‚Ä¶
584488274460155904,2015-04-04 22:50:38,Last regular season road trip of the year. Man where'd the season go!! LoL #DubNation
580657027954819072,2015-03-25 09:06:38,RT @StephenCurry30: Trying to do some special things this year and this is a great checkpoint along the way! Love this‚Ä¶ https://t.co/wuotOP‚Ä¶
578759542051241984,2015-03-20 03:26:42,craziest first day of the tourney I've ever seen
578729599787364353,2015-03-20 01:27:43,Not that mad tho bracket still solid
578729210287509504,2015-03-20 01:26:10,These refs couldn't call this unc game any softer
578641339111239680,2015-03-19 19:37:00,üòÇ‚Äú@HamzaAbdullah21: Iowa State.... http://t.co/eV3XYMR9ow‚Äù
576910354287996928,2015-03-15 00:58:41,RT @MychelThompson: Little bro got a cannon #proudolderbro #thatboycold https://t.co/0pT3YfPNy1
573681758098485248,2015-03-06 03:09:24,Oooh üîäüîäüîä
573673630380388352,2015-03-06 02:37:06,"RT @iamKrayzieBone: Anger, resentment and jealousy doesn't change the heart of others, it only changes yours."
573391150700101633,2015-03-05 07:54:38,We missed u oracle. Great W and happy bday @Money23Green #hedoesitall
569315881190187008,2015-02-22 02:00:58,"RT @HAbdullah39: Assassinated 50yrs ago today, but his influence will live on forever. #MalcolmX50 http://t.co/I6IqbReh9y"
567220428318322688,2015-02-16 07:14:23,What a weekend!
566994177175871488,2015-02-15 16:15:20,Can't wait to see all the fans lined up today at @Kia NBA House Moynihan Station! #NBAHouse #NBAAllStarNYC http://t.co/RFxTxLcnCY
566839032207138816,2015-02-15 05:58:51,Proud of my bro @StephenCurry30 greatest shooter in the history of the game!
566727920727519232,2015-02-14 22:37:20,Thanks Samsung soho for having me today http://t.co/pYzdHqqlkR
566383792282013698,2015-02-13 23:49:53,Come see me @modells penn plaza tonight. Will be here until 8pm #NBAAllStar
566375297952784385,2015-02-13 23:16:08,@ESPNNBA Mully and T Hardaway aka killer crossover (92'-93') #NBATrivia
566329133379387392,2015-02-13 20:12:41,Blue steel or magnum? http://t.co/E0xa7HE5Jy
566093961266495488,2015-02-13 04:38:12,Honored to join Team Anta. Looking forward to our partnership for years to come! http://t.co/UriJFrWCdR
565749570169503744,2015-02-12 05:49:43,Still got it fellas ur boy is Mario btw @AbeLodwick @enquist40 @brockm12 #lightwork from @fezzyfel &amp; @klacobprime http://t.co/FReB7EvuIA
565741111659220992,2015-02-12 05:16:06,"RT @andrewbogut: Damn this guy @andrewbogut is already passed out on the table, AGAIN, B4 the flight has even taken off! #lightweight http:‚Ä¶"
565575139958722560,2015-02-11 18:16:35,RT @Yg_Trece: RIP Jerry Tarkanian!
564648592556961792,2015-02-09 04:54:49,Thanks for all the birthday love. I'm thankful to be 25 years young doing what I love with great people around me! #feelingblessed
564622503591817216,2015-02-09 03:11:09,American Ninja Warrior is crazy
564616823434641410,2015-02-09 02:48:35,"RT @DLeagueWarriors: Entering the final frame, the Warriors edge the @DFenders 82-78. @MychelThompson scored 16pts in the third quarter, to‚Ä¶"
563512157321838592,2015-02-06 01:39:02,A Charlie Sifford biopic needs to be made
563511358692794368,2015-02-06 01:35:52,‚Äú@bucketsworth: Bangorz! http://t.co/wdaGdgdaNB‚Äù GOAT
562446779359039488,2015-02-03 03:05:36,J jack had him on skates for the win!
562082411035361280,2015-02-02 02:57:44,Antonio freeman 2.0
562076403181432833,2015-02-02 02:33:52,"""The Slap""....üòÇüòÇüòÇüòÇüòÇ"
562045295693807617,2015-02-02 00:30:15,RT @Dlee042: Why so many depressing commercials?
560513069852680192,2015-01-28 19:01:44,"Have you guys tried @drinkbodyarmor? I been drinking it this season and
it‚Äôs working for me. Let me know what you guys think?"
558903676689842176,2015-01-24 08:26:35,Man...what a night. Gotta give credit to my teammates most unselfish group I ever played with. God is good!
556936553419649025,2015-01-18 22:09:56,‚Äú@Jack2358: @KlayThompson punter bro‚Äù I stand corrected
556935969996161024,2015-01-18 22:07:37,A kickers dream come true right there
555080199084056576,2015-01-13 19:13:27,Nice little breakfast date between @JustHolla7 &amp; @hbarnes this AM  #thattablestoosmallfor2 http://t.co/ziOzK8aAbB
554122446786134016,2015-01-11 03:47:41,Big bro balled out tonight
554100919390859264,2015-01-11 02:22:08,What a beautiful ball between Wilson &amp; kearse
554041023769223168,2015-01-10 22:24:08,@JustHolla7 yessir! Go cougs
553673205433368577,2015-01-09 22:02:33,Gotta take advantage of this home stand and finish it out strong tonight! #DubNation
553663078957449216,2015-01-09 21:22:19,Preach Milton! http://t.co/KTeSzqMpdQ
553430124029161472,2015-01-09 05:56:38,RT @brockm12: Happy Birthday to a genius coach and great guy @jeffhiro
552610171042529280,2015-01-06 23:38:26,Felt great to participate in the #WeG.I.V.E. #HashtagLunchbag with @warriors fans and @esurance http://t.co/1iAUzVvRiJ
552260665260257280,2015-01-06 00:29:37,It doesn't matter who were up against oracle is always gonna be rockin' and were extremely thankful for that. #DubNation #BestFans #GameDay
551878327087034369,2015-01-04 23:10:21,Let's go cougs http://t.co/ygqc3tcTqx
551875887168110592,2015-01-04 23:00:39,RIP Stuart Scott one of the greatest at what he did and even better person
551271250169823233,2015-01-03 06:58:02,RT @warriors: .@KlayThompson taking part in a postgame Q&amp;A with fans who checked in and helped Dub the Vote on Facebook. #NBABallot http://‚Ä¶
550864786666176513,2015-01-02 04:02:54,Lets go pac 10
550493465423773696,2015-01-01 03:27:24,Year 2000 was 15 years ago? Sheesh
549820321537089536,2014-12-30 06:52:34,@JenBeyrle üëÄüëÄüëÄ! Greatest tourney ever growing up
549762860516007936,2014-12-30 03:04:14,For the 1st time in my 4 years in the bay I get to watch my cougs play this weekend üôè
549666654695596032,2014-12-29 20:41:57,@StevieThunder33 u know where to find me steve
549665988312973312,2014-12-29 20:39:18,Buckets! #NBALIVE15 #ad http://t.co/hdHD5y6m5X http://t.co/gKKuzEK4qk
549601974107131905,2014-12-29 16:24:56,Good breakfast spot in oakland?
549585735557214208,2014-12-29 15:20:24,Still can't believe vlade hit that half court heeve last week that was crazy lol #theycouldntmiss
549577305094254592,2014-12-29 14:46:54,Trivia crack üëå
549568709870620672,2014-12-29 14:12:45,Too cold in the bay right now
549508465933037568,2014-12-29 10:13:22,Most powerful movie I've seen in a long time a must watch for everyone http://t.co/ZR1BmRqsow
545684151655882752,2014-12-18 20:56:54,RT @MychelThompson: Always good having my little bro come watch me play in my first game back @klaythompson http://t.co/TwQ0NnY0IJ
545352250629976064,2014-12-17 22:58:03,On my off day really!!? http://t.co/X73iqdzMC6
545348838081314817,2014-12-17 22:44:29,‚Äú@Mospeights16: The life Steve McNair üëçüëçüëçüëçüëç‚Äù favorite QB growing up
544892197116444673,2014-12-16 16:29:58,RIP Tori Johnson a true cougar legend and hero
542187402987855872,2014-12-09 05:22:04,RT @Mospeights16: Another great win... #dubnation!!! #13 s/o to my bro @fezzyfel for staying ready tonight!!!!
542180703551913985,2014-12-09 04:55:27,Great road trip haven't been this excited to get back to the bay in a long time!
541472149274636288,2014-12-07 05:59:55,12 straight!! Newest member of the splash family @Money23Green #dubnation
538554199400009729,2014-11-29 04:45:01,Wish I could be in Pullman for apple cup weekend #GoCougs
538455773542887424,2014-11-28 22:13:55,"RT @MychelThompson: Hope everyone had a great thanksgiving, I'm thankful for these dudes!!! http://t.co/HmwOJdQiwU"
538155042885607424,2014-11-28 02:18:55,Wilson the new air McNair
537843655974092800,2014-11-27 05:41:34,"RT @hbarnes: #repost from the fam @shaunlivingston ""SQUAAAD GOIN....UP #Barbosawiththeadlibs"" @stephencurry30‚Ä¶ http://t.co/p1bpnZaZoK"
536719761573691392,2014-11-24 03:15:37,Moe buckets
535210486338695170,2014-11-19 23:18:18,RT @NBA2K: .@KlayThompson took time at the Thanksgiving with Warriors Food Drive to compete with his young fans at #NBA2K15! http://t.co/3V‚Ä¶
535129819647066113,2014-11-19 17:57:45,"""Love the game baby"""
528617288883527680,2014-11-01 18:39:17,Life doesn't get much better then opening night at oracle. Let's go #DubNation
525507167579693057,2014-10-24 04:40:46,RT @hbarnes: #DubNation is always on point. Thank you to everyone that came out to open practice tonight!
525399642758848512,2014-10-23 21:33:30,Look forward to seeing DubNation at open practice tonight! #warmthemvocalsuprooks #weallbeenthere #awfulexperience
523936928463585280,2014-10-19 20:41:12,Yea Gavin
523697379321843712,2014-10-19 04:49:19,@nedovic1624 is weak #lightwork http://t.co/unFpUy4h7E
523624617668521984,2014-10-19 00:00:11,‚Äú@hbarnes: Watchin @KlayThompson get destroyed by @Money23Green in 2K right now #passthesticks‚Äù sensationalism at it's finest
523323097701961728,2014-10-18 04:02:04,RT @HAbdullah39: Chillin with fellow Coug @klaythompson after he dropped 29pts on the Heat. #GoCougs http://t.co/qqP6C59tdu
522513386937286656,2014-10-15 22:24:33,Both my fantasy teams strugglin
521402321343770624,2014-10-12 20:49:35,"Remember 2 weeks ago when some so called ""experts"" claimed we were seeing the end of tom brady üò∂"
520777458769858560,2014-10-11 03:26:36,"‚Äú@HistoricalPics: Bob Marley and The Jackson Five in Jamaica, 1975 http://t.co/jPE8cRvdvo‚Äù straight legends right there #GOATS"
520699757505703936,2014-10-10 22:17:50,@thepete2011 lol touch√©
520697838573867009,2014-10-10 22:10:13,RT @jeffhiro: We are proud of Ex WSU Coug Brock Motum on his quest to the NBA.  Charlie Enquist n Devin Jones reunite with Brock. http://t.‚Ä¶
520696331484930048,2014-10-10 22:04:14,We live in the generation of media overstimulation
519741887347843072,2014-10-08 06:51:36,Felt great to put the dubs uni back on 2night
519373300716150784,2014-10-07 06:26:59,Annabelle was crazy üò®
518227114357583872,2014-10-04 02:32:26,Biiiiig at bat
518226282614894592,2014-10-04 02:29:08,Rosenthal throwin ‚õΩÔ∏è
516783607474823168,2014-09-30 02:56:28,@HAbdullah39 with the pic 6 I see u! #GoCougs
516057940789563392,2014-09-28 02:52:55,Pch cruisin
515950762354933761,2014-09-27 19:47:02,"‚Äú@HistoricalPics: Robert De Niro and Al Pacino on the set of The Godfather Part II, 1974 http://t.co/LgmrmUn29o‚Äù skyblue @ReggieePro"
515673372337123328,2014-09-27 01:24:47,Ur a strong individual if u don't eat ur chick fa let on the ride home
514819293083885568,2014-09-24 16:50:59,Handing out FIFA fades all day #fortheüçû
513565056333012992,2014-09-21 05:47:05,That non P.i call has me sick
513518123966681088,2014-09-21 02:40:36,@NickWagner11 it's upset season wags üòà
513517106596683777,2014-09-21 02:36:33,Duck huntin time lets go Cougs!
512355411391823872,2014-09-17 21:40:23,About to see what trayce's golf game is lookin like
511742789336698880,2014-09-16 05:06:03,Ladera's never felt so good
511704168772694016,2014-09-16 02:32:35,Rocco's gonna freak out
511648383153754113,2014-09-15 22:50:55,"RT @repjohnlewis: Never forget Addie Mae Collins, Cynthia Wesley, Carole Robertson and Denise McNair killed 51 yrs ago today in 16th St Bap‚Ä¶"
511276261122248704,2014-09-14 22:12:14,We did this for our country and PG
511144034648076288,2014-09-14 13:26:49,1 more
510901166738120704,2014-09-13 21:21:44,Thank u @realmadrid for being great hosts. What an amazing experience I will be back in the future to‚Ä¶ http://t.co/ZDdmG0WfqT
510816183201697792,2014-09-13 15:44:03,@nedovic1624 @StephenCurry30 your lucky your not out there cuz I'd lock u up #nicelife
510712414522732544,2014-09-13 08:51:42,Excited to see Madrid today
510596179956994048,2014-09-13 01:09:50,@Sbeyrle üòÇüòÇ hank the legend
510556331364073472,2014-09-12 22:31:29,Is Diablo 3 nice? Idk if anything can top Diablo 2 tho that game was the goat
510481094840295424,2014-09-12 17:32:31,@HamzaAbdullah21 man I was trippin! I thought it was just me lol that's good to know
510118757621325824,2014-09-11 17:32:44,We have a special opportunity tonight to honor those who perished on that tragic unforgettable day 13 years ago by playing as hard as we can
509822063683858432,2014-09-10 21:53:46,RT @JaeAzizi: You know we always keep if üíØ @KlayThompson http://t.co/Hjx2r0ajSS
509816083055120384,2014-09-10 21:30:00,Gobert is ballin out
509470389060124672,2014-09-09 22:36:20,Great W tonight
509110393394839552,2014-09-08 22:45:51,üôå Amen‚Äú@Zarifbros: Don't gain the world and lose your soul; wisdom is worth more then silver or gold #bobmarley #staytrue‚Äù
508946265510772736,2014-09-08 11:53:40,Football has the most bandwagon fans...easily #stayloyaltoyoursquad #itsonlyweekone
508772692015595520,2014-09-08 00:23:56,Worst part of fantasy football is when someone on ur bench balls out and that 20 points is useless üòë
508738495230140416,2014-09-07 22:08:03,Snapchats of the club are the weakest
508719617435373568,2014-09-07 20:53:03,RT @MontePooleCSN: @KlayThompson @RattoCSN Truth: Jack Johnson story should be required viewing or reading in every high school American Hi‚Ä¶
508716207240134657,2014-09-07 20:39:29,@RattoCSN true. I'll check it out on this 16 hr journey back to Cali in a week
508714373305487360,2014-09-07 20:32:12,@RattoCSN 1970 tho that's way before my generations time lol we need a remake
508713668020686848,2014-09-07 20:29:24,@DanWoikeSports yea but more Hollywood style one like ray or the new james brown movie. I feel like it would reach more people
508711771503206400,2014-09-07 20:21:52,They need to make a biopic of Jack Johnson (the boxer) can't imagine what he heard and went thru
508695831235424257,2014-09-07 19:18:31,@dothejaypanc shut up the raiders are about to comeback on y'all lol
508695319916187648,2014-09-07 19:16:30,"‚Äú@ryan262784:@KlayThompson why do you like the titans‚Äù Steve McNair, Eddie George, Javon Kearse, Keith Bullock were my fav players growin up"
508694008227319808,2014-09-07 19:11:17,Yea titans
508465411130548224,2014-09-07 04:02:55,If you don't like this song you probably don't have a soul Lol http://t.co/wP2Ur5HFdz
508158868354920448,2014-09-06 07:44:50,Tourney time
508023870105092096,2014-09-05 22:48:23,Been hoopin against these 2 since I was 14. Now playin for our country. #surreal #caliboys‚Ä¶ http://t.co/p9SZw12Vy5
507864459407532035,2014-09-05 12:14:57,Got to swim in the Mediterranean Sea this AM with my boy @mehr_alejandro.Saltiest water I ever been‚Ä¶ http://t.co/Mxj6CRn5Z8
507652503878373376,2014-09-04 22:12:43,Barcelona
507278630565986305,2014-09-03 21:27:04,Great W. 1 more in pool play gotta finish strong
506882127141433344,2014-09-02 19:11:31,@AbeLodwick üòÇüòÇüòÇüòÇ touch√© #doublebutterondeck
506876269930504192,2014-09-02 18:48:14,@AbeLodwick wow u video game snob. I haven't been impressed with ur kart game since 96'
506862824711548928,2014-09-02 17:54:49,Real proud of my uncle AT for winning a Emmy. The man has some serious skills behind the camera and making films üé¨üé•
506589875488186369,2014-09-01 23:50:12,@Jigga2cal ur a hater support ur country #unfollow
506499403193282562,2014-09-01 17:50:42,Real recognize real thats familiar
506369332059074560,2014-09-01 09:13:51,RT @ChrisPalmerNBA: Orcas weigh 16K pounds (that's 4 Escalades). Can leap 25 ft out of water. World's best athletes. #freetheorcas http://t‚Ä¶
506271232011272192,2014-09-01 02:44:02,"""Wake up, wake up, wake up it's the 1st of the monnnnnth
To get up, get up, get up so cash your checks and get uuuuuuup""
#BTNH4Life"
505854612885475328,2014-08-30 23:08:32,I can watch this video all day. Chick Hearn is a legend #thebesttoeverdoit https://t.co/nAajNpnWSp
505513044328607744,2014-08-30 00:31:16,Follow my once in a lifetime journey in Spain on instagram: @klaythompson
505417982793641984,2014-08-29 18:13:31,@neilstover that's what real fans do Neil's
505417192179908609,2014-08-29 18:10:23,Happy birthday to the GOAT Michael Jackson. The greatest performer to ever live! #bumpinMJallday
505376638071095296,2014-08-29 15:29:14,RT @usabasketball: A look at @KlayThompson's sweet jumper on the #PhantomCam! #USABMNT #spain2014 https://t.co/Yf5z9a5nfF
505028208455340033,2014-08-28 16:24:42,RT @deonebucannon20: Go Cougs!!! Show the nation what y'all about tonight!!! #BeatRutgers http://t.co/2iB5U9lZMN
504965391068971008,2014-08-28 12:15:05,"Jon Stewart is so real for this. #respect 
http://t.co/sHzHDHMdnp"
504836433086263297,2014-08-28 03:42:39,Up at 5 30 am in Bilbao for my fantasy draft #dedication #donttrusttheautopick http://t.co/SWhA6ejwoQ
504779238260875266,2014-08-27 23:55:23,@fezzyfel #philosophicalfezzyfel
504759109577879553,2014-08-27 22:35:24,This is how I feel trying to speak Spanish with the locals: https://t.co/zu1iBbxb96
504754449181851648,2014-08-27 22:16:53,Had to teach @AndreDrummondd a lil somethin about bones. Didn't even let him build a house üò≥ Lol http://t.co/7TO2lDX02M
504682701958701056,2014-08-27 17:31:47,@bucketsworth @SniperKR1 don't drown bro üòÇ i need someone to workout with back home and I want video proof
504680451009945600,2014-08-27 17:22:50,@bucketsworth no chance u got the guts to get in that swell lol
504679925639835649,2014-08-27 17:20:45,Bilbao es muy bonita üá™üá∏#spanishspeakinggameonpoint
504575891486167040,2014-08-27 10:27:21,@AbeLodwick stop talkin about ur golf game like that loddy
504571537609875457,2014-08-27 10:10:03,Tiger tiger woods yall http://t.co/rMjAj8NWXe
504432912180445184,2014-08-27 00:59:12,Gotta shout out these 2 beauty's on #NationalDogDay #Rocco #Lady http://t.co/deCDJmU7cm
504370360650039296,2014-08-26 20:50:39,Super hyped my boy @brockm12 came thru the game 2night! #Boyz #Duplex #Cougsareworldwide üåç http://t.co/ax1oVzTtgU
504220798237024257,2014-08-26 10:56:20,Game day on the island
503807407425077248,2014-08-25 07:33:40,Murder was the case by snoop is still the realist rap video I've ever seen. #Beengivingmethechillssince94'
503667781125300224,2014-08-24 22:18:51,@andy_murray no problem bro good luck this week take it easy on the Americans tho! lol
503573831295193089,2014-08-24 16:05:31,‚Äú@hbarnes: @andrewbogut #nicelifebogey‚Äù üòÇ Nedo learns from the best
503413658505191426,2014-08-24 05:29:03,My current location #wherenotinkansasanymore http://t.co/42Bta05jdq
503245948102148097,2014-08-23 18:22:38,Grand canaria ‚úàÔ∏è
503231310975221762,2014-08-23 17:24:28,I can't stop laughin at my last RT tho üòÇüòÇüòÇüòÇüòÇüòÇ
503231157237198848,2014-08-23 17:23:52,"RT @FunnyVines: Who dat who dat 
That I-G-G-BYE 
https://t.co/sLAHsJswKc"
503214200542744576,2014-08-23 16:16:29,@chopchop_15 @StephenCurry30 amen to that. my guy @25_Caliber is next in line! #lightskincoalition
503210201831731200,2014-08-23 16:00:35,@chopchop_15 you'll never hear me say that about UW tho! Haha keep killin up there and as always Go Cougs!
503209959044415488,2014-08-23 15:59:38,@chopchop_15 thanks bro even tho I gotta roll with my Bay Area squads I respect what u and the hawks have done for sports in the northwest!
503207349977632768,2014-08-23 15:49:16,@jeffhiro thanks Hiro hope all is good in the PNW!
503206895235391488,2014-08-23 15:47:27,My #WcW is my girl @HannahStocking. Man she's fine Lol #someonetellherimlookingforher #idontcareitssaturday
503119123149500416,2014-08-23 09:58:41,@MarkJackson13 thanks coach appreciate it!
503098814505713665,2014-08-23 08:37:59,Can't believe I got to compete for team USA and a world championship. Thanks to all the people along the way who helped me get here! #LetsGo
503010063905472512,2014-08-23 02:45:19,I'm gonna get this ice bucket challenge don't worry y'all. been called out like crazy #TeamGleason #Nowhiteflags
502555402836643840,2014-08-21 20:38:39,RT @NBA: #USABMNT reps @boogiecousins &amp; @KlayThompson surprised kids at the @nikebasketball Youth Clinic at Dyckman! http://t.co/VqwoR6afKq
501859047357042689,2014-08-19 22:31:35,RT @MychelThompson: Walkin in Central Park earlier üóΩ http://t.co/5tdPVUe9bg
501843310458441730,2014-08-19 21:29:03,Rarely take selfies but when I do it's with one of the greatest golfers on the planet! #IwasTrollingHard http://t.co/g9H7iJnGMF
501785264440999937,2014-08-19 17:38:24,RT @Money23Green: Just got some great work in!!! How can you not LOVE this game
500767720011354113,2014-08-16 22:15:02,Game day in august?? Ok lets get it then
500476418984542209,2014-08-16 02:57:31,RT @JayBilas: The U.S. Men's National Team. Looks like a Gold Medal squad to me. @usabasketball #FIBAWorldCup http://t.co/SnGM3w7p3N
500401710162907139,2014-08-15 22:00:39,RIP Jay Adams. The man was a legend with a board under his feet.
500380654769827842,2014-08-15 20:36:59,@nikebasketball üî•üá∫üá∏ http://t.co/IArYeMCfMu
500111402821251072,2014-08-15 02:47:04,Trayce was ballin tonight 2 homers
500003893976510464,2014-08-14 19:39:52,@ThompsonScribe @TheJoshAVinson üòÇ I was just sayin I couldn't imagine u as a boss. Poor guy
499234386123186176,2014-08-12 16:42:07,Chicago
499022605471322113,2014-08-12 02:40:35,RT @MCHammer: I hear the voice of my Brothers Blood crying out ... #RIPMikeBrown #SolidarityWithFergunson #DontShoot http://t.co/sK9Se1MfTJ
498989720731672577,2014-08-12 00:29:54,Jumanji was one of my favorite movies as a kid. Sad day. RIP robin williams
498680401724841984,2014-08-11 04:00:47,@StevieThunder33 @MarcusCapers0 stop runnin from the FIFA fades üò≥‚öΩÔ∏è lol
498674948039131136,2014-08-11 03:39:07,@MarcusCapers0 and hunter pence got the sand throwing motion üòÇ
497489263311609857,2014-08-07 21:07:37,RT @darrenrovell: New Nike Paul George ad http://t.co/zzcArGLddd
497192499790639104,2014-08-07 01:28:24,‚Äú@andre: 94!‚Äù I see u. Still weak tho
495354195135180801,2014-08-01 23:43:38,What an amazing opportunity to wear USA across my chest against some of the best in the world! So thankful for this opportunity
494966009070362624,2014-07-31 22:01:07,How bout them A's
494655863026905088,2014-07-31 01:28:42,"RT @BhamBarons: Trayce Thompson gives the Barons a 3-1 lead with a BOOMING 2-run homer, his team-leading 12th of the year! #VoteBabeRuffBar‚Ä¶"
494358547048579072,2014-07-30 05:47:17,@andrewbogut haaaa my hold em game is nice bogey
494357841197539328,2014-07-30 05:44:28,I would never wanna be at the same table with this man! #PokerLegend #JohhnyChan http://t.co/YCQlMhe1Xu
493933328505274369,2014-07-29 01:37:37,RT @usabasketball: The #SplashBrothers doing what makes them great. Post-practice shooting contest. #USABMNT #hardworkpaysoff http://t.co/n‚Ä¶
493887018594615296,2014-07-28 22:33:35,‚Äú@ReggieePro: Mad love to my boy @KlayThompson trying out for the USA team‚Äù thanks homie
493087079245824002,2014-07-26 17:34:55,@Jigga2cal haaaa thanks for that early morning laugh diggs I needed that
493083892547846144,2014-07-26 17:22:15,When's that new madden comin out?
492887658775842816,2014-07-26 04:22:29,Hoopin and bon-firing at capo beach just like the good old days üèÄüî•
492844877852712960,2014-07-26 01:32:30,The dodgeball scene in billy Madison never gets old #Sandlersprime
492464386087596032,2014-07-25 00:20:33,‚Äú@Dheeraj_Sareen: @KlayThompson : We should have saved that studio playlist on YouTube. That was an epic playlist. üîäüîâüîä‚Äù we hit every decade
492460995877826561,2014-07-25 00:07:05,"‚Äú@WSUCougars: Lights, camera, action! Connor Halliday at #pac12fb Media Day! #GoCougs http://t.co/g3PPkKNB6X‚Äù u lied ur still at WSU"
492459668133117953,2014-07-25 00:01:48,@AbeLodwick No u can't cuz ur awful on the grill
492454735195422720,2014-07-24 23:42:12,Stir it up üéß
492432919676596224,2014-07-24 22:15:31,Thank u Jeff Rodgers and all the Bahamian kids who made it out to camp this week! http://t.co/PIFVxidbzD
491626707376304128,2014-07-22 16:51:55,"RT @BhamBarons: MUST SEE: Trayce Thompson channels his brother @KlayThompson with a leaping catch at the wall! #posterized
http://t.co/qzrx‚Ä¶"
491393003043307522,2014-07-22 01:23:16,Prayin for Michael Cooper hope he's alright #LakerLegend
491366572208840704,2014-07-21 23:38:14,‚Äú@MichaelWRogers1: I like shopping at ikea because I feel like I completed a scavenger hunt when I'm done!‚ÄùüòÇ best tweet u ever had
490963345500282880,2014-07-20 20:55:57,Nassau bound
490638921555247105,2014-07-19 23:26:49,Only Legends roll with English bullys üê∂üòÇ http://t.co/gY74EPLbfO
490226119270883329,2014-07-18 20:06:29,"""@HistoricalPics: Lyndon B. Johnson http://t.co/skoCto1FVa"" he's ballin for that"
489569660174495744,2014-07-17 00:37:57,Super hyped to have @BRush_25 on the squad!
488858426139631616,2014-07-15 01:31:46,@JoeyBats19 killin
488738158104702976,2014-07-14 17:33:51,"""@Kirwan421: @KlayThompson... Bone-Thugs... Check out @106KMEL's Tweet: http://t.co/NypygLGVzr‚Ä¶"" I'll be there"
488377624163401729,2014-07-13 17:41:13,‚úàÔ∏èTo the BAY
487903495480422400,2014-07-12 10:17:12,Transformers is 2 hr 45 min too long
487803491146944514,2014-07-12 03:39:49,‚Äú@TonyPaniciSC: Just conquered the seas and the sky's at the same time. @KlayThompson @AnthonyNuccio #flyboard‚Äù #jetpacklife
486977442381193217,2014-07-09 20:57:24,Thank u @Sport_Science for havin me on! Good times #QuickRelease #ShootTheLightsOut http://t.co/t2okoeqUsc
486680374173396992,2014-07-09 01:16:57,@CoachBeck1 No problem thanks for the gym!
486257999032238081,2014-07-07 21:18:35,@bucketsworth @YuNGFAB32 @humblebucks yessir!
485285123899006976,2014-07-05 04:52:44,Pikilo pete üí£'s all night
484863379299786753,2014-07-04 00:56:52,RT @TakeOverTae: Just because we in the world doesn't mean we have to be of the world
484091922680541185,2014-07-01 21:51:23,That woulda been crazy
484087725666996224,2014-07-01 21:34:42,Tim Howard for MVP
483832864857800705,2014-07-01 04:41:58,Time bomb by iration is the absolute truth üé∂üòÇ
483832541120454656,2014-07-01 04:40:41,RT @AbeLodwick: Chalk it up to life XP
481207365903974400,2014-06-23 22:49:11,#capobeach http://t.co/78Pejf2Reg
480861322729361408,2014-06-22 23:54:07,Dang that hurts
480858332123504641,2014-06-22 23:42:14,Clint Dempsey!!!! I'm elated üòã
480851296308559872,2014-06-22 23:14:17,Trickyyyyy
478461775654842369,2014-06-16 08:59:11,RT @DrewLeague: .@KlayThompson and @MychelThompson spending the day with their father Mychal at #thedrew. #FathersDay http://t.co/8D10Ljzgmv
477204602383638528,2014-06-12 21:43:37,Tough call
477200206895648768,2014-06-12 21:26:09,Croatia might have the best jersey tho
476187869686423552,2014-06-10 02:23:29,RT @warriors: . @KlayThompson recently returned stateside after spending a few days in Istanbul. Photos from his trip: http://t.co/VWUnuUDN‚Ä¶
475895698370879488,2014-06-09 07:02:30,Back to Cali üôå
475800993591218176,2014-06-09 00:46:11,Belinelli where u goin lol
475738996111597568,2014-06-08 20:39:50,RT @thespontaneist: Rafa is the realest. #FrenchOpen
475668336622469120,2014-06-08 15:59:03,"‚Äú@Ysfnc57: Im the happiest warriors fan now, thank you so much @KlayThompson http://t.co/Da4AczRmaJ‚Äù no problem thank u!"
475494958439604224,2014-06-08 04:30:07,I gotta old soul when it comes to music
475490062944440320,2014-06-08 04:10:39,‚Äú@Mateen_Cleaves: @KlayThompson Good stuff bro!!!!!‚Äù Thanks for having me on the show my man
475302967663673344,2014-06-07 15:47:12,RT @AytekinSelcuk: Selfie from @KlayThompson 3X Istanbul http://t.co/tCmywAg43O
474260476851806208,2014-06-04 18:44:43,Istanbul ‚úàÔ∏è
473330014306316289,2014-06-02 05:07:24,Rappers Ball üéß #BayArea
473301201518592000,2014-06-02 03:12:54,3 game 7 w's on the road shheeesh #respect
473163539918499840,2014-06-01 18:05:53,Been givin this dude buckets since 92'. Happy birthday @MychelThompson! Love u bro wouldn't be here without ya! http://t.co/febtRJCWDX
473155933988589568,2014-06-01 17:35:40,@OBJ_3 Yessir it was good kickin it last night!
471087724913778688,2014-05-27 00:37:20,RT @MychelThompson: Hey I know that guy!!! Supporting the little bro http://t.co/UpazjBmtog
471049782669365248,2014-05-26 22:06:34,Thank u to our veterans and military your contributions never go unnoticed. Never take the freedoms we have in this country for granted!
470660863234281473,2014-05-25 20:21:08,On my way to Birmingham to see the little bro ball out! ‚öæÔ∏è @BhamBarons
463456972126572544,2014-05-05 23:15:27,"Results of an awesome shoot with @StephenCurry30 and @ESPNMag, talking @netflix and road rituals check it out!"
461209630836666369,2014-04-29 18:25:19,"RT @chamath: Strong, unambiguous and right decision by Adam Silver.  Proud to be a part of @NBA today."
460255948800401408,2014-04-27 03:15:44,RT @KentBazemore20: #Shoutout the @DLeagueWarriors on another great season! #SeaDubs
457589905506308096,2014-04-19 18:41:49,Let's get it dubnation
456674319439900672,2014-04-17 06:03:37,Great way to finish the regular season #DubNation
456244536704909312,2014-04-16 01:35:48,@BhamBarons yessir that's the plan!
452324448763265024,2014-04-05 05:58:47,Who had the dunk of the night @Mospeights16 or @jcraw55???
451427864341012480,2014-04-02 18:36:04,Dawn of the dead is on I'm hyped #favoritezombiemovie
451218726621179904,2014-04-02 04:45:02,Almost forgot happy birthday @MarkJackson13. Not only a great coach but a great friend &amp; mentor to all us on the team
451212512898203648,2014-04-02 04:20:20,Great W tonight real proud everybody on this team. Steph is too clutch #DubNation
449461669404487680,2014-03-28 08:23:07,RT @Bgibson04: X had a great year. Wishing him nothing but success in his journey to the league
449407559716204544,2014-03-28 04:48:06,@THA_Thrill44 Or the black knights vs UCF #upsetcity
449275242754494464,2014-03-27 20:02:19,Look what I did to @Mospeights16 in madden and it's only the 1st qtr üò≥ http://t.co/StnDTggrxz
446906304603234304,2014-03-21 07:09:00,RT ‚Äú@Mospeights16: It doesn't matter who we play #dubnation always there to support the team!! Thanks #dubnation #blessed!!‚Äù
446824335617957888,2014-03-21 01:43:17,Nothin like game day at oracle
446749342200651776,2014-03-20 20:45:18,RT @ShooterMcGavin_: A rare picture of my friend with both his hands: A maestro with a golf club and on the piano #throwbackthursday http:/‚Ä¶
446745086412349440,2014-03-20 20:28:23,Harvard your killin me
446030644246630401,2014-03-18 21:09:27,"RT @NBA: Happy Birthday, Brian @Scalabrine! #WhiteMambaDay http://t.co/aAqv9mfST8"
445423367005286400,2014-03-17 04:56:20,@HAbdullah39 thanks fam! #GoCougs
444981386857164800,2014-03-15 23:40:04,Thompson family. We will always love and miss u Grandpa T!
444981217180786690,2014-03-15 23:39:24,I wanted to pay tribute to S.Dewitt Thompson. One of the wisest men I ever met and full of the spirit of God. A true patriarch of the
444980712765407232,2014-03-15 23:37:23,A tough but great day. 1st off happy birthday Trayce he's been a great little bro for 23 years now. Love ya TNT!
444646503974707201,2014-03-15 01:29:22,Good luck tonight fellas and happy birthday @StephenCurry30 #SplashBrothers
443247394096832512,2014-03-11 04:49:48,NW house party 2 #90sBaby
443239595115704320,2014-03-11 04:18:49,Thank u to all the fans who came out tonight much appreciated!
442906411308048384,2014-03-10 06:14:51,"RT @warriors: Big thanks once again to @sdotcurry &amp; @MychelThompson for taking over our account. Good genes, huh? #SplashBrothers http://t.‚Ä¶"
442758405719998464,2014-03-09 20:26:44,Great W last night cougs
442127800745472000,2014-03-08 02:40:56,@CindyBrunsonAZ thanks Cindy #GoCougs
441977169527324672,2014-03-07 16:42:23,Can't wait to be back at oracle 2night!
441806335336660993,2014-03-07 05:23:33,Best part about being home is being reunited with this guy #Rocco http://t.co/4oVl0dLtDn
441286067485163522,2014-03-05 18:56:11,@TonyPaniciSC Yea bro I was really hopin it was real lol
441266504563036160,2014-03-05 17:38:27,@alexgould17 they got me good
441264144419790848,2014-03-05 17:29:04,I really want a HUVr board
441056640104931329,2014-03-05 03:44:32,Great W 2night. Bench came up huge. Gotta come out strong tomorrow in Boston tho #DubNation
439984110195326976,2014-03-02 04:42:41,NW The Graduate solid old school flick
438066952766889984,2014-02-24 21:44:35,Great opportunity to start the road trip off right. Let's get it! #DubNation
437114763961565184,2014-02-22 06:40:55,RT @nedovic1624: Maaaaan so happy for KB and MarShon!
435937790954467328,2014-02-19 00:44:03,Wearing this shooting shirt on Thursday for Social Media Night too. http://t.co/SjUuz4V3bN
435933545341542400,2014-02-19 00:27:11,Officially back on Twitter. Looking forward to the second half of the season. Shoutout to #DubNation.
